{"cameraMode":{"drawMode":0,"name":"Shaded","section":"Shading Mode"},"sceneLighting":true,"audioPlay":false,"sceneViewState":{"showFog":true,"showMaterialUpdate":true,"showSkybox":true,"showFlares":true,"showImageEffects":true,"showParticleSystems":true},"in2DMode":false,"pivot":{"x":115.19669342041016,"y":16.06676483154297,"z":-45.198265075683597},"rotation":{"x":0.07230386883020401,"y":0.23122906684875489,"z":-0.0172351635992527,"w":0.9700564742088318},"size":43.445350646972659,"orthographic":false}