{"cameraMode":{"drawMode":0,"name":"Shaded","section":"Shading Mode"},"sceneLighting":true,"audioPlay":false,"sceneViewState":{"showFog":true,"showMaterialUpdate":true,"showSkybox":true,"showFlares":true,"showImageEffects":true,"showParticleSystems":true},"in2DMode":false,"pivot":{"x":-60.35689163208008,"y":-10.162784576416016,"z":29.529621124267579},"rotation":{"x":0.20461098849773408,"y":-0.42098891735076907,"z":0.09808265417814255,"w":0.8782280683517456},"size":30.387771606445314,"orthographic":false}