{"cameraMode":{"drawMode":0,"name":"Shaded","section":"Shading Mode"},"sceneLighting":true,"audioPlay":false,"sceneViewState":{"showFog":true,"showMaterialUpdate":true,"showSkybox":true,"showFlares":true,"showImageEffects":true,"showParticleSystems":true},"in2DMode":false,"pivot":{"x":606.1637573242188,"y":-162.21815490722657,"z":238.90138244628907},"rotation":{"x":0.22351104021072389,"y":0.3080126941204071,"z":-0.07468979805707932,"w":0.9217342138290405},"size":232.0103759765625,"orthographic":false}