{"cameraMode":{"drawMode":0,"name":"Shaded","section":"Shading Mode"},"sceneLighting":true,"audioPlay":false,"sceneViewState":{"showFog":true,"showMaterialUpdate":true,"showSkybox":true,"showFlares":true,"showImageEffects":true,"showParticleSystems":true},"in2DMode":false,"pivot":{"x":928.0076293945313,"y":6.373249053955078,"z":-2.0773885250091554},"rotation":{"x":0.27612048387527468,"y":0.030269302427768709,"z":-0.008700666017830372,"w":0.9606075882911682},"size":1.460695743560791,"orthographic":false}