{"cameraMode":{"drawMode":0,"name":"Shaded","section":"Shading Mode"},"sceneLighting":true,"audioPlay":false,"sceneViewState":{"showFog":true,"showMaterialUpdate":true,"showSkybox":true,"showFlares":true,"showImageEffects":true,"showParticleSystems":true},"in2DMode":false,"pivot":{"x":760.0948486328125,"y":-39.14174270629883,"z":71.09469604492188},"rotation":{"x":0.18701297044754029,"y":0.05301923304796219,"z":-0.010108578950166703,"w":0.9808760285377502},"size":188.52899169921876,"orthographic":false}