{"cameraMode":{"drawMode":0,"name":"Shaded","section":"Shading Mode"},"sceneLighting":false,"audioPlay":false,"sceneViewState":{"showFog":true,"showMaterialUpdate":false,"showSkybox":false,"showFlares":true,"showImageEffects":true,"showParticleSystems":true},"in2DMode":false,"pivot":{"x":-24.418872833251954,"y":8.817426681518555,"z":-0.3843024969100952},"rotation":{"x":-0.10091540962457657,"y":0.35634052753448489,"z":-0.038747090846300128,"w":-0.928082287311554},"size":3.3495142459869386,"orthographic":false}