{"cameraMode":{"drawMode":0,"name":"Shaded","section":"Shading Mode"},"sceneLighting":false,"audioPlay":false,"sceneViewState":{"showFog":true,"showMaterialUpdate":false,"showSkybox":false,"showFlares":true,"showImageEffects":true,"showParticleSystems":true},"in2DMode":false,"pivot":{"x":0.8743091821670532,"y":0.1537247896194458,"z":-0.8005906343460083},"rotation":{"x":-0.11290855705738068,"y":0.8394588828086853,"z":-0.19108067452907563,"w":-0.49603351950645449},"size":1.8036408424377442,"orthographic":false}