{"cameraMode":{"drawMode":0,"name":"Shaded","section":"Shading Mode"},"sceneLighting":false,"audioPlay":false,"sceneViewState":{"showFog":true,"showMaterialUpdate":false,"showSkybox":false,"showFlares":true,"showImageEffects":true,"showParticleSystems":true},"in2DMode":false,"pivot":{"x":-0.9262881278991699,"y":0.9793858528137207,"z":-1.2774347066879273},"rotation":{"x":-0.0852297767996788,"y":0.6806492805480957,"z":-0.08021542429924011,"w":-0.7232002019882202},"size":2.7985308170318605,"orthographic":false}